group,bird-id,location,detections
LAMB,5998,AARD,2
LAMB,5998,LAMB,564
LAMB,5998,RE17,1
LAMB,5998,PLAN,1
LAMB,5998,WNCH,1
LAMB,5998,CAVI,2
LAMB,5998,1500,3
LAMB,5998,AMAD,1
LAMB,5998,JAIM,1
LAMB,5998,1800,1
LAMB,5998,SHIL,2
LAMB,5998,MACR,13
LAMB,5998,CABI,1
LAMB,5998,RE28,2
LAMB,5998,BKOK,23
LAMB,5998,ARFT,3
LAMB,5998,MLF2,4
LAMB,5998,SHW,7
LAMB,5998,KOUT,3
LAMB,5998,LOLF,1
LAMB,5998,GATR,3
LAMB,5998,DIPS,1
BUCK,4713,AARD,356
BUCK,4713,LAMB,5727
BUCK,4713,RE17,14557
BUCK,4713,PLAN,157289
BUCK,4713,WNCH,64238
BUCK,4713,SOHA,162
BUCK,4713,CAVI,367176
BUCK,4713,1500,98615
BUCK,4713,AMAD,332
BUCK,4713,JAIM,322614
BUCK,4713,1800,3088
BUCK,4713,HORS,4
BUCK,4713,SHW,1669
BUCK,4713,SHIL,115200
BUCK,4713,MACR,241820
BUCK,4713,CABI,281627
BUCK,4713,RE28,141451
BUCK,4713,CHIM,113
BUCK,4713,SHAN,77152
BUCK,4713,ARFT,222921
BUCK,4713,UA2,722
BUCK,4713,SOSP,2579
BUCK,4713,BKOK,452
BUCK,4713,MLF2,192309
BUCK,4713,GATR,182977
BUCK,4713,KOUT,28558
BUCK,4713,LOLF,50
BUCK,4713,RE19,77123
BUCK,4713,Y,173006
BUCK,4713,DIPS,217291
BUCK,5789,AARD,728
BUCK,5789,LAMB,13713
BUCK,5789,PLAN,2
BUCK,5789,WNCH,5724
BUCK,5789,SOHA,720
BUCK,5789,CAVI,19336
BUCK,5789,1500,224
BUCK,5789,AMAD,1
BUCK,5789,JAIM,4
BUCK,5789,1800,11070
BUCK,5789,ROBH,2013
BUCK,5789,HORS,11675
BUCK,5789,SHW,1841
BUCK,5789,BIAN,14
BUCK,5789,MACR,27263
BUCK,5789,CABI,18047
BUCK,5789,RE03,281
BUCK,5789,SHIL,5979
BUCK,5789,RE28,1
BUCK,5789,BKOK,21828
BUCK,5789,SHAN,4
BUCK,5789,ARFT,19665
BUCK,5789,UA2,10141
BUCK,5789,SOSP,34044
BUCK,5789,MLF2,751
BUCK,5789,GATR,4
BUCK,5789,KOUT,31962
BUCK,5789,LOLF,309
BUCK,5789,RE19,2
BUCK,5789,Y,222
BUCK,5789,DIPS,4
BUCK,6019,AARD,3108
BUCK,6019,LAMB,31837
BUCK,6019,RE17,1
BUCK,6019,PLAN,4
BUCK,6019,WNCH,12139
BUCK,6019,SOHA,2569
BUCK,6019,CAVI,41921
BUCK,6019,1500,47
BUCK,6019,JAIM,5
BUCK,6019,1800,35747
BUCK,6019,ROBH,4773
BUCK,6019,HORS,25537
BUCK,6019,SHW,4114
BUCK,6019,BIAN,54
BUCK,6019,MACR,72182
BUCK,6019,CABI,43615
BUCK,6019,RE03,882
BUCK,6019,SHIL,11679
BUCK,6019,RE28,2
BUCK,6019,BKOK,52921
BUCK,6019,SHAN,4
BUCK,6019,ARFT,50179
BUCK,6019,UA2,28272
BUCK,6019,SOSP,95014
BUCK,6019,MLF2,897
BUCK,6019,GATR,2
BUCK,6019,KOUT,79074
BUCK,6019,LOLF,121
BUCK,6019,RE19,1
BUCK,6019,Y,83
BUCK,6019,DIPS,3
LA2,5381,AARD,42
LA2,5381,RE03,61
LA2,5381,BINO,38536
LA2,5381,WNCH,18
LA2,5381,SOHA,49
LA2,5381,LA2,47141
LA2,5381,CAVI,1
LA2,5381,JAIM,5
LA2,5381,BIAN,32428
LA2,5381,SHW,8
LA2,5381,KOUT,391
LA2,5381,CABI,5
LA2,4140,RE03,96
LA2,4140,BINO,53734
LA2,4140,MLF2,322
LA2,4140,SHAN,1
LA2,4140,WNCH,23
LA2,4140,SOHA,94
LA2,4140,LA2,63899
LA2,4140,1500,296
LA2,4140,1800,333
LA2,4140,BIAN,51033
LA2,4140,SHW,2
LA2,4140,KOUT,637
LA2,4140,HORS,104
LA2,4140,LOLF,307
LA2,4140,SHIL,1
LA2,4140,LHAY,9
LA2,4140,SOSP,156
LA2,4140,DIPS,76
LA2,6046,AARD,1
LA2,6046,LAMB,1
LA2,6046,RE17,4
LA2,6046,PLAN,8
LA2,6046,WNCH,155
LA2,6046,SOHA,301
LA2,6046,LA2,57305
LA2,6046,CAVI,5
LA2,6046,1500,305
LA2,6046,AMAD,3
LA2,6046,JAIM,6
LA2,6046,1800,232
LA2,6046,HORS,3
LA2,6046,SHW,5
LA2,6046,BIAN,51510
LA2,6046,LHAY,8
LA2,6046,MACR,2
LA2,6046,CABI,2
LA2,6046,RE03,253
LA2,6046,BINO,49699
LA2,6046,SHIL,10
LA2,6046,RE28,7
LA2,6046,SHAN,9
LA2,6046,ARFT,5
LA2,6046,SOSP,11
LA2,6046,MLF2,292
LA2,6046,GATR,2
LA2,6046,KOUT,21
LA2,6046,LOLF,323
LA2,6046,RE19,2
LA2,6046,Y,6
LA2,6046,DIPS,13
LA2,5163,BINO,19585
LA2,5163,BIAN,19757
LA2,5163,KOUT,27
LA2,5163,LA2,65517
LA2,5163,ARFT,1
LA2,5163,JAIM,6
LA2,5163,CAVI,1
LA2,5163,CABI,8
LA2,5383,AARD,10382
LA2,5383,LAMB,8
LA2,5383,RE17,5
LA2,5383,PLAN,20
LA2,5383,WNCH,19554
LA2,5383,SOHA,48977
LA2,5383,LA2,61560
LA2,5383,CAVI,3
LA2,5383,1500,220
LA2,5383,AMAD,1
LA2,5383,JAIM,2
LA2,5383,1800,288
LA2,5383,MLF2,297
LA2,5383,ROBH,30
LA2,5383,HORS,2
LA2,5383,SHW,34
LA2,5383,SHIL,36
LA2,5383,LHAY,8856
LA2,5383,MACR,18
LA2,5383,CABI,2
LA2,5383,RE03,39302
LA2,5383,BINO,62541
LA2,5383,Y,16
LA2,5383,RE28,13
LA2,5383,CHIM,1
LA2,5383,SHAN,27
LA2,5383,ARFT,34
LA2,5383,SOSP,23
LA2,5383,BKOK,1
LA2,5383,BIAN,61594
LA2,5383,GATR,7
LA2,5383,KOUT,1601
LA2,5383,LOLF,298
LA2,5383,RE19,2
LA2,5383,WMRD,16
LA2,5383,DIPS,13
LA2,5852,AARD,4
LA2,5852,RE03,170
LA2,5852,BINO,55348
LA2,5852,WNCH,49
LA2,5852,SOHA,172
LA2,5852,LA2,66202
LA2,5852,JAIM,2
LA2,5852,BIAN,49922
LA2,5852,SHW,7
LA2,5852,KOUT,14
LA2,5852,LHAY,35
LA2,5852,MACR,1
LA2,5852,CABI,1
BLMP,5728,LOLF,1
BLMP,5728,RE17,1
BLMP,5728,KOUT,1
BLMP,3703,WNCH,1
BLMP,3703,MLF2,1
BLMP,3703,SHW,1
BLMP,3703,RE28,1
BLMP,3703,ARFT,1
BLMP,3703,HORS,1
BLMP,3703,SOSP,1
BLMP,3703,JAIM,1
BLMP,5727,Y,1
BLMP,5727,CAVI,18
BLMP,5727,LHAY,1
BLMP,5727,CABI,1
BLMP,5376,DIPS,1
BLMP,4599,CAVI,962
BLMP,5378,KOUT,5
BLMP,5378,ROBH,1
BLMP,5378,AVEQ,2
BLMP,5378,WNCH,2
BLMP,5378,CAVI,1
BLMP,5378,UA2,1
CAVI,4621,AARD,932
CAVI,4621,LAMB,3320
CAVI,4621,RE17,103097
CAVI,4621,PLAN,132110
CAVI,4621,WNCH,62751
CAVI,4621,SOHA,2
CAVI,4621,CAVI,715061
CAVI,4621,1500,136579
CAVI,4621,JAIM,280152
CAVI,4621,1800,7937
CAVI,4621,ROBH,2
CAVI,4621,HORS,54
CAVI,4621,SHIL,146498
CAVI,4621,LHAY,1
CAVI,4621,MACR,502317
CAVI,4621,CABI,471763
CAVI,4621,RE03,1
CAVI,4621,RE28,100700
CAVI,4621,CHIM,63
CAVI,4621,SHAN,99783
CAVI,4621,ARFT,271799
CAVI,4621,SOSP,381
CAVI,4621,BKOK,50
CAVI,4621,MLF2,65112
CAVI,4621,GATR,150033
CAVI,4621,KOUT,106654
CAVI,4621,AVEQ,1
CAVI,4621,LOLF,1193
CAVI,4621,SHW,66
CAVI,4621,Y,165246
CAVI,4621,RE33,6
CAVI,4621,DIPS,163153
CAVI,4935,AARD,3058
CAVI,4935,LAMB,35934
CAVI,4935,RE17,188022
CAVI,4935,PLAN,233654
CAVI,4935,WNCH,62008
CAVI,4935,SOHA,344
CAVI,4935,CAVI,1304501
CAVI,4935,1500,242387
CAVI,4935,AMAD,103
CAVI,4935,JAIM,523682
CAVI,4935,1800,25852
CAVI,4935,ROBH,1
CAVI,4935,HORS,181
CAVI,4935,SHW,1595
CAVI,4935,MCFL,1
CAVI,4935,LHAY,16
CAVI,4935,MACR,1001064
CAVI,4935,CABI,958506
CAVI,4935,SHIL,263605
CAVI,4935,Y,342037
CAVI,4935,RE28,199872
CAVI,4935,CHIM,1491
CAVI,4935,SHAN,141699
CAVI,4935,ARFT,575993
CAVI,4935,UA2,70
CAVI,4935,SOSP,1505
CAVI,4935,BKOK,226
CAVI,4935,BIAN,1
CAVI,4935,MLF2,135343
CAVI,4935,GATR,266013
CAVI,4935,KOUT,157922
CAVI,4935,LOLF,2790
CAVI,4935,RE19,119100
CAVI,4935,STRO,1
CAVI,4935,DIPS,264227
CAVI,4629,AARD,3535
CAVI,4629,LAMB,78488
CAVI,4629,RE17,11093
CAVI,4629,PLAN,319121
CAVI,4629,WNCH,141134
CAVI,4629,SOHA,1374
CAVI,4629,LA2,1
CAVI,4629,CAVI,1578641
CAVI,4629,1500,340578
CAVI,4629,AMAD,136
CAVI,4629,JAIM,435410
CAVI,4629,1800,47052
CAVI,4629,MLF2,11326
CAVI,4629,RE10,158
CAVI,4629,ROBH,3049
CAVI,4629,HORS,152476
CAVI,4629,SHW,27859
CAVI,4629,SHIL,192607
CAVI,4629,LHAY,7
CAVI,4629,MACR,570436
CAVI,4629,CABI,686578
CAVI,4629,RE03,924
CAVI,4629,Y,37903
CAVI,4629,RE28,255105
CAVI,4629,CHIM,275543
CAVI,4629,SHAN,119351
CAVI,4629,ARFT,414246
CAVI,4629,UA2,43253
CAVI,4629,SOSP,281646
CAVI,4629,BKOK,302731
CAVI,4629,BIAN,58
CAVI,4629,GATR,296561
CAVI,4629,KOUT,340644
CAVI,4629,AVEQ,29
CAVI,4629,LOLF,952
CAVI,4629,RE19,113629
CAVI,4629,WMRD,363
CAVI,4629,RE33,16
CAVI,4629,DIPS,306520
CAVI,5880,AARD,2284
CAVI,5880,LAMB,8706
CAVI,5880,RE17,18793
CAVI,5880,PLAN,17669
CAVI,5880,WNCH,21997
CAVI,5880,SOHA,23249
CAVI,5880,LA2,263
CAVI,5880,CAVI,52200
CAVI,5880,1500,25216
CAVI,5880,AMAD,2119
CAVI,5880,JAIM,37868
CAVI,5880,1800,5704
CAVI,5880,MLF2,25099
CAVI,5880,ROBH,3289
CAVI,5880,HORS,533
CAVI,5880,SHIL,37043
CAVI,5880,WOLF,320
CAVI,5880,MCFL,107
CAVI,5880,LHAY,2784
CAVI,5880,MACR,48044
CAVI,5880,CABI,41354
CAVI,5880,RE03,18659
CAVI,5880,BINO,89
CAVI,5880,PIPE,6246
CAVI,5880,WMRD,8669
CAVI,5880,RE28,16264
CAVI,5880,BKOK,14048
CAVI,5880,SHAN,34209
CAVI,5880,ARFT,42904
CAVI,5880,GATE,525
CAVI,5880,UA2,2645
CAVI,5880,SOSP,3818
CAVI,5880,CHIM,1874
CAVI,5880,BIAN,777
CAVI,5880,GATR,20846
CAVI,5880,KOUT,28492
CAVI,5880,AVEQ,1748
CAVI,5880,LOLF,626
CAVI,5880,SHW,4465
CAVI,5880,STRO,719
CAVI,5880,RE33,7532
CAVI,5880,Y,35584
CAVI,5880,DIPS,46785
CAVI,5762,SHIL,1521
CAVI,5762,CAVI,152733
CAVI,5762,MACR,1422
CAVI,5881,AARD,654
CAVI,5881,LAMB,13301
CAVI,5881,RE17,73162
CAVI,5881,PLAN,94363
CAVI,5881,WNCH,47136
CAVI,5881,SOHA,140
CAVI,5881,CAVI,600096
CAVI,5881,1500,119901
CAVI,5881,AMAD,1
CAVI,5881,JAIM,145978
CAVI,5881,1800,12979
CAVI,5881,RE10,1
CAVI,5881,HORS,18
CAVI,5881,SHIL,139887
CAVI,5881,LHAY,2
CAVI,5881,MACR,356122
CAVI,5881,CABI,328278
CAVI,5881,RE28,64924
CAVI,5881,CHIM,45
CAVI,5881,SHAN,79622
CAVI,5881,ARFT,137270
CAVI,5881,UA2,11
CAVI,5881,SOSP,469
CAVI,5881,BKOK,32
CAVI,5881,MLF2,68303
CAVI,5881,GATR,84861
CAVI,5881,KOUT,63885
CAVI,5881,LOLF,241
CAVI,5881,SHW,656
CAVI,5881,Y,152856
CAVI,5881,DIPS,137811
1500,5636,RE17,1
1500,5636,Y,2
1500,5636,WNCH,1
1500,5636,SHAN,2
1500,5636,ARFT,1
1500,5636,CAVI,12
1500,5636,AMAD,2
1500,5636,JAIM,4
1500,5636,1800,1
1500,5636,MLF2,4
1500,5636,SHW,1
1500,5636,LOLF,1
1500,5636,SHIL,8
1500,5636,MACR,13
1500,5636,DIPS,1
1500,5597,BKOK,3
1500,5597,SHAN,3
1500,5597,KOUT,5
1500,5597,MACR,1
1500,5597,CABI,1
1500,4436,RE03,2
1500,4436,KOUT,1
1500,5771,AARD,1
1500,5771,LAMB,1
1500,5771,RE17,11
1500,5771,PLAN,5
1500,5771,WNCH,1
1500,5771,SOHA,1
1500,5771,CAVI,8
1500,5771,AMAD,7
1500,5771,JAIM,11
1500,5771,HORS,12
1500,5771,SHIL,2
1500,5771,MACR,2
1500,5771,CABI,4
1500,5771,RE28,6
1500,5771,CHIM,1
1500,5771,SHAN,3
1500,5771,ARFT,2
1500,5771,UA2,1
1500,5771,BKOK,2
1500,5771,MLF2,3
1500,5771,SHW,1
1500,5771,KOUT,3
1500,5771,AVEQ,1
1500,5771,LOLF,4
1500,5771,RE19,1
1500,5771,RE33,1
1500,5771,DIPS,4
1500,4025,WNCH,27
1500,4025,JAIM,10
1500,4025,GATR,57
1500,4025,KOUT,20
1500,4025,RE28,1
1500,4025,LOLF,5
1500,4025,ARFT,7
1500,4025,CABI,90
1500,4025,CAVI,1
1500,4025,MACR,8
1500,4025,DIPS,1
1500,Field Tag,AARD,16420
1500,Field Tag,RE17,50
1500,Field Tag,PLAN,2
1500,Field Tag,CAVI,2803
1500,Field Tag,1500,267239
1500,Field Tag,JAIM,151
1500,Field Tag,1800,70378
1500,Field Tag,RE19,68
1500,Field Tag,SHIL,4
1500,Field Tag,MACR,355
1500,Field Tag,CABI,1013
1500,Field Tag,RE03,1
1500,Field Tag,RE28,56
1500,Field Tag,SHAN,29777
1500,Field Tag,ARFT,96696
1500,Field Tag,UA2,1
1500,Field Tag,MLF2,371351
1500,Field Tag,SHW,491932
1500,Field Tag,PIPE,1
1500,Field Tag,LOLF,425523
1500,Field Tag,GATR,93858
1500,Field Tag,Y,17094
1500,Field Tag,DIPS,1513
1500,5082,RE17,1
1500,5082,PLAN,1
1500,5082,KOUT,10
1500,5082,LOLF,1
1500,5082,ARFT,6
1500,5082,CAVI,9
1500,5082,MACR,10
1500,5082,CABI,5
AMAD,5209,AARD,837
AMAD,5209,LAMB,16209
AMAD,5209,RE17,65637
AMAD,5209,PLAN,40420
AMAD,5209,WNCH,5271
AMAD,5209,SOHA,87
AMAD,5209,CAVI,59962
AMAD,5209,1500,56276
AMAD,5209,AMAD,413856
AMAD,5209,JAIM,78490
AMAD,5209,1800,10740
AMAD,5209,RE10,289
AMAD,5209,ROBH,11
AMAD,5209,HORS,392
AMAD,5209,SHW,265469
AMAD,5209,SHIL,271718
AMAD,5209,LHAY,80
AMAD,5209,MACR,362320
AMAD,5209,CABI,65437
AMAD,5209,RE03,1
AMAD,5209,RE28,19364
AMAD,5209,CHIM,138
AMAD,5209,SHAN,233375
AMAD,5209,ARFT,393768
AMAD,5209,UA2,25219
AMAD,5209,SOSP,396705
AMAD,5209,BKOK,56917
AMAD,5209,MLF2,163088
AMAD,5209,GATR,43120
AMAD,5209,KOUT,222924
AMAD,5209,LOLF,49686
AMAD,5209,RE19,74308
AMAD,5209,Y,78199
AMAD,5209,DIPS,244083
AMAD,5442,AARD,386
AMAD,5442,LAMB,15270
AMAD,5442,RE17,45765
AMAD,5442,PLAN,19123
AMAD,5442,WNCH,3375
AMAD,5442,SOHA,73
AMAD,5442,CAVI,32352
AMAD,5442,1500,31583
AMAD,5442,AMAD,408563
AMAD,5442,JAIM,48249
AMAD,5442,1800,6163
AMAD,5442,RE10,211
AMAD,5442,HORS,342
AMAD,5442,SHW,236056
AMAD,5442,SHIL,253315
AMAD,5442,LHAY,4
AMAD,5442,MACR,352043
AMAD,5442,CABI,40253
AMAD,5442,RE03,1
AMAD,5442,RE28,9094
AMAD,5442,CHIM,144
AMAD,5442,SHAN,212573
AMAD,5442,ARFT,377918
AMAD,5442,UA2,21073
AMAD,5442,SOSP,386558
AMAD,5442,BKOK,45575
AMAD,5442,MLF2,144181
AMAD,5442,GATR,22269
AMAD,5442,KOUT,220515
AMAD,5442,LOLF,29981
AMAD,5442,RE19,61069
AMAD,5442,Y,55928
AMAD,5442,DIPS,224500
1800,5190,GATR,8
1800,5190,KOUT,1
1800,5190,WNCH,2
1800,5190,CABI,11
1800,5190,MACR,1
1800,5190,JAIM,1
1800,5191,AARD,22573
1800,5191,LAMB,149
1800,5191,RE17,10065
1800,5191,FNCH,3945
1800,5191,SOHA,6
1800,5191,CAVI,989227
1800,5191,1500,12537
1800,5191,AMAD,15889
1800,5191,JAIM,53636
1800,5191,1800,7056
1800,5191,SHW,11163
1800,5191,ROBH,2
1800,5191,HORS,1255
1800,5191,SHIL,10238
1800,5191,PLAN,10268
1800,5191,MCFL,1063
1800,5191,LHAY,2007
1800,5191,MACR,473104
1800,5191,CABI,378942
1800,5191,RE03,14
1800,5191,PIPE,665
1800,5191,WOLF,58278
1800,5191,RE28,7197
1800,5191,CHIM,1
1800,5191,SHAN,10940
1800,5191,ARFT,100939
1800,5191,SOSP,10
1800,5191,BKOK,1346
1800,5191,MLF2,14271
1800,5191,GATR,23241
1800,5191,KOUT,108961
1800,5191,LOLF,163419
1800,5191,RE19,11603
1800,5191,STRO,9
1800,5191,Y,16525
1800,5191,DIPS,7783
1800,4589,ARFT,2
1800,4589,CAVI,1086
BKOK,5974,AARD,208802
BKOK,5974,LAMB,157369
BKOK,5974,FNCH,49988
BKOK,5974,WNCH,74831
BKOK,5974,SOHA,214513
BKOK,5974,LA2,732860
BKOK,5974,CAVI,894
BKOK,5974,1500,8199
BKOK,5974,AMAD,32666
BKOK,5974,JAIM,102872
BKOK,5974,1800,13369
BKOK,5974,MLF2,224
BKOK,5974,RE10,708
BKOK,5974,ROBH,58316
BKOK,5974,HORS,153920
BKOK,5974,SHIL,16869
BKOK,5974,PLAN,24618
BKOK,5974,WOLF,79198
BKOK,5974,MCFL,69375
BKOK,5974,LHAY,83797
BKOK,5974,MACR,275659
BKOK,5974,CABI,332122
BKOK,5974,RE03,231873
BKOK,5974,BINO,563266
BKOK,5974,PIPE,5467
BKOK,5974,WMRD,12801
BKOK,5974,RE28,143990
BKOK,5974,CHIM,44721
BKOK,5974,SHAN,114475
BKOK,5974,ARFT,9803
BKOK,5974,GATE,15
BKOK,5974,UA2,165989
BKOK,5974,SOSP,17
BKOK,5974,BKOK,401538
BKOK,5974,BIAN,514405
BKOK,5974,GATR,8472
BKOK,5974,KOUT,353208
BKOK,5974,LOLF,401
BKOK,5974,SHW,14993
BKOK,5974,STRO,274
BKOK,5974,RE33,215
BKOK,5974,DIPS,168231
BKOK,5975,KOUT,5321
BKOK,5975,ROBH,39
BKOK,5975,LA2,3714
BKOK,5975,STRO,31
BKOK,5975,CAVI,2
BKOK,5975,MACR,1624
BKOK,5975,CABI,3102
BKOK,5976,PIPE,1
BKOK,5976,Y,1
BKOK,5976,STRO,341
BKOK,5976,LA2,2471
BKOK,5976,ARFT,2
BKOK,5976,CAVI,188
BKOK,5976,AMAD,3
BKOK,5976,SOSP,2
BKOK,5976,1800,2
BKOK,5976,MLF2,4
BKOK,5976,SHW,2
BKOK,5976,KOUT,9273
BKOK,5976,ROBH,71
BKOK,5976,HORS,1
BKOK,5976,LOLF,1
BKOK,5976,CABI,7508
BKOK,5976,MACR,3184
BKOK,5976,DIPS,1
ROBH,5583,AARD,36111
ROBH,5583,LAMB,16985
ROBH,5583,PLAN,1
ROBH,5583,WNCH,86644
ROBH,5583,SOHA,4
ROBH,5583,CAVI,3
ROBH,5583,AMAD,2
ROBH,5583,JAIM,148
ROBH,5583,ROBH,66428
ROBH,5583,SHIL,4
ROBH,5583,MACR,2288
ROBH,5583,CABI,82
ROBH,5583,RE03,31214
ROBH,5583,Y,4
ROBH,5583,RE28,86
ROBH,5583,CHIM,1
ROBH,5583,SHAN,156
ROBH,5583,ARFT,5
ROBH,5583,UA2,1751
ROBH,5583,BKOK,225
ROBH,5583,MLF2,1
ROBH,5583,GATR,1
ROBH,5583,KOUT,17676
ROBH,5583,AVEQ,390
ROBH,5583,RE19,1
ROBH,5583,WMRD,21516
ROBH,5583,RE33,1132
ROBH,5583,DIPS,406
ROBH,4884,AARD,191921
ROBH,4884,LAMB,49233
ROBH,4884,WNCH,349589
ROBH,4884,SOHA,1
ROBH,4884,MACR,5224
ROBH,4884,RE10,1
ROBH,4884,JAIM,143
ROBH,4884,ROBH,265189
ROBH,4884,SOSP,2
ROBH,4884,CABI,57
ROBH,4884,RE03,131260
ROBH,4884,Y,6
ROBH,4884,RE28,1379
ROBH,4884,BKOK,87
ROBH,4884,SHAN,102
ROBH,4884,ARFT,1
ROBH,4884,UA2,765
ROBH,4884,GATR,10
ROBH,4884,KOUT,106722
ROBH,4884,AVEQ,526
ROBH,4884,WMRD,131486
ROBH,4884,RE33,1961
ROBH,4884,DIPS,1254
ROBH,5389,AARD,303805
ROBH,5389,LAMB,71079
ROBH,5389,FNCH,1
ROBH,5389,WNCH,563740
ROBH,5389,SOHA,118
ROBH,5389,CAVI,7
ROBH,5389,AMAD,1
ROBH,5389,JAIM,408
ROBH,5389,ROBH,518133
ROBH,5389,PLAN,3
ROBH,5389,SHIL,4
ROBH,5389,MACR,4302
ROBH,5389,CABI,137
ROBH,5389,RE03,159334
ROBH,5389,WMRD,159688
ROBH,5389,Y,8
ROBH,5389,RE28,1388
ROBH,5389,BKOK,315
ROBH,5389,SHAN,246
ROBH,5389,ARFT,3
ROBH,5389,UA2,3684
ROBH,5389,SOSP,7
ROBH,5389,GATR,15
ROBH,5389,PIPE,1
ROBH,5389,AVEQ,1075
ROBH,5389,DIPS,944
ROBH,5389,RE33,2171
ROBH,5389,KOUT,154778
HORS,5140,AARD,434
HORS,5140,LAMB,3
HORS,5140,PLAN,44
HORS,5140,WNCH,10
HORS,5140,SOHA,5
HORS,5140,LA2,10
HORS,5140,1500,78
HORS,5140,AMAD,2
HORS,5140,1800,1
HORS,5140,ROBH,6
HORS,5140,HORS,30895
HORS,5140,BIAN,9
HORS,5140,MACR,9
HORS,5140,RE03,31
HORS,5140,BINO,9
HORS,5140,SHIL,1
HORS,5140,SHAN,10110
HORS,5140,ARFT,3064
HORS,5140,MLF2,186
HORS,5140,SHW,1810
HORS,5140,KOUT,28
HORS,5140,LOLF,48954
HORS,5140,RE33,1
HORS,5140,DIPS,2
HORS,5719,STRO,20
HORS,5201,BKOK,1
HORS,5201,SOSP,1
HORS,5201,WNCH,1
HORS,5734,LOLF,569
UNK,6007,AARD,5112
UNK,6007,LAMB,153
UNK,6007,RE17,690
UNK,6007,FNCH,168
UNK,6007,WNCH,443
UNK,6007,SOHA,19320
UNK,6007,CAVI,1735
UNK,6007,1500,1670
UNK,6007,AMAD,8679
UNK,6007,JAIM,1350
UNK,6007,1800,68
UNK,6007,SHW,3908
UNK,6007,WMRD,29
UNK,6007,HORS,1843
UNK,6007,SHIL,6307
UNK,6007,PLAN,1479
UNK,6007,MCFL,599
UNK,6007,LHAY,7732
UNK,6007,MACR,2267
UNK,6007,CABI,1693
UNK,6007,RE03,5
UNK,6007,PIPE,1866
UNK,6007,WOLF,1067
UNK,6007,RE28,855
UNK,6007,BKOK,1592
UNK,6007,SHAN,9351
UNK,6007,ARFT,10917
UNK,6007,GATE,1607
UNK,6007,UA2,60
UNK,6007,SOSP,30730
UNK,6007,MLF2,2204
UNK,6007,GATR,1925
UNK,6007,KOUT,1277
UNK,6007,LOLF,1837
UNK,6007,RE19,799
UNK,6007,STRO,3555
UNK,6007,Y,2174
UNK,6007,DIPS,7312
UNK,6009,AARD,1732
UNK,6009,LAMB,62
UNK,6009,RE17,702
UNK,6009,FNCH,16
UNK,6009,WNCH,140
UNK,6009,SOHA,2460
UNK,6009,LA2,7
UNK,6009,CAVI,1142
UNK,6009,1500,960
UNK,6009,AMAD,2409
UNK,6009,JAIM,1458
UNK,6009,WMRD,80
UNK,6009,MLF2,717
UNK,6009,ROBH,46
UNK,6009,HORS,292
UNK,6009,SHIL,1943
UNK,6009,PLAN,3653
UNK,6009,WOLF,52
UNK,6009,MCFL,12
UNK,6009,LHAY,2323
UNK,6009,MACR,2806
UNK,6009,CABI,1628
UNK,6009,RE03,528
UNK,6009,PIPE,97
UNK,6009,SHW,855
UNK,6009,RE28,4189
UNK,6009,CHIM,279
UNK,6009,SHAN,2532
UNK,6009,ARFT,1573
UNK,6009,GATE,134
UNK,6009,UA2,40
UNK,6009,SOSP,1687
UNK,6009,BKOK,275
UNK,6009,BIAN,73
UNK,6009,GATR,1997
UNK,6009,KOUT,687
UNK,6009,LOLF,178
UNK,6009,RE19,267
UNK,6009,STRO,268
UNK,6009,RE33,1
UNK,6009,Y,1105
UNK,6009,DIPS,1605
UNK,6008,AARD,7177
UNK,6008,LAMB,6968
UNK,6008,RE17,177
UNK,6008,PLAN,2617
UNK,6008,WNCH,13959
UNK,6008,SOHA,213
UNK,6008,LA2,28
UNK,6008,CAVI,2541
UNK,6008,1500,3542
UNK,6008,JAIM,2698
UNK,6008,1800,1
UNK,6008,ROBH,2178
UNK,6008,HORS,1706
UNK,6008,SHW,1815
UNK,6008,BIAN,2482
UNK,6008,MACR,2375
UNK,6008,CABI,2665
UNK,6008,RE03,1315
UNK,6008,BINO,50
UNK,6008,SHIL,3118
UNK,6008,RE28,3425
UNK,6008,CHIM,12223
UNK,6008,SHAN,3385
UNK,6008,ARFT,3549
UNK,6008,UA2,1178
UNK,6008,SOSP,2503
UNK,6008,BKOK,18851
UNK,6008,MLF2,382
UNK,6008,GATR,3265
UNK,6008,KOUT,14513
UNK,6008,LOLF,4
UNK,6008,RE19,5359
UNK,6008,Y,674
UNK,6008,RE33,19
UNK,6008,DIPS,15091
UNK,6005,AARD,22492
UNK,6005,LAMB,1085
UNK,6005,RE17,51433
UNK,6005,FNCH,1425
UNK,6005,LA2,940
UNK,6005,AMAD,365357
UNK,6005,JAIM,20452
UNK,6005,ROBH,279
UNK,6005,SHIL,361802
UNK,6005,CABI,21416
UNK,6005,RE03,1467
UNK,6005,MCFL,4079
UNK,6005,RE28,6843
UNK,6005,BKOK,12878
UNK,6005,SHAN,395416
UNK,6005,BIAN,584
UNK,6005,SOSP,529114
UNK,6005,LOLF,19117
UNK,6005,GATR,33933
UNK,6005,WMRD,98
UNK,6005,KOUT,47318
UNK,6005,PLAN,15360
UNK,6005,WNCH,9065
UNK,6005,SOHA,20332
UNK,6005,CAVI,17646
UNK,6005,1500,23563
UNK,6005,DIPS,209854
UNK,6005,1800,6435
UNK,6005,HORS,16318
UNK,6005,WOLF,11363
UNK,6005,LHAY,16422
UNK,6005,MACR,137018
UNK,6005,BINO,821
UNK,6005,Y,44373
UNK,6005,CHIM,597
UNK,6005,ARFT,26018
UNK,6005,GATE,3421
UNK,6005,UA2,5645
UNK,6005,MLF2,28284
UNK,6005,SHW,293275
UNK,6005,PIPE,11799
UNK,6005,RE19,18524
UNK,6005,STRO,3039
UNK,6005,RE33,516
UNK,6006,AARD,8465
UNK,6006,LAMB,91392
UNK,6006,RE17,7756
UNK,6006,FNCH,20
UNK,6006,LA2,8856
UNK,6006,AMAD,586
UNK,6006,JAIM,3635
UNK,6006,ROBH,102691
UNK,6006,SHIL,8409
UNK,6006,CABI,2988
UNK,6006,RE03,210171
UNK,6006,MCFL,16
UNK,6006,RE28,2353
UNK,6006,BKOK,111739
UNK,6006,SHAN,62016
UNK,6006,BIAN,140679
UNK,6006,SOSP,38118
UNK,6006,AVEQ,122
UNK,6006,LOLF,186
UNK,6006,GATR,80984
UNK,6006,WMRD,29938
UNK,6006,KOUT,237894
UNK,6006,PLAN,3873
UNK,6006,WNCH,351569
UNK,6006,SOHA,3365
UNK,6006,CAVI,3638
UNK,6006,1500,27754
UNK,6006,1800,48328
UNK,6006,RE10,89
UNK,6006,HORS,2879
UNK,6006,WOLF,22
UNK,6006,LHAY,194
UNK,6006,MACR,5476
UNK,6006,BINO,890
UNK,6006,Y,1154
UNK,6006,CHIM,4599
UNK,6006,ARFT,69378
UNK,6006,UA2,30168
UNK,6006,MLF2,677
UNK,6006,SHW,988
UNK,6006,PIPE,37
UNK,6006,RE19,30640
UNK,6006,DIPS,124269
UNK,6006,RE33,65
SHIL,Field Tag,AARD,1606
SHIL,Field Tag,RE17,216
SHIL,Field Tag,PLAN,7
SHIL,Field Tag,RE28,186713
SHIL,Field Tag,SOHA,28218
SHIL,Field Tag,SHAN,218114
SHIL,Field Tag,ARFT,14
SHIL,Field Tag,CAVI,3532
SHIL,Field Tag,JAIM,37597
SHIL,Field Tag,Y,6
SHIL,Field Tag,GATR,17
SHIL,Field Tag,KOUT,1
SHIL,Field Tag,SHIL,226435
SHIL,Field Tag,RE19,49
SHIL,Field Tag,DIPS,202122
SHIL,Field Tag,MACR,61153
SHIL,Field Tag,CABI,3905
MACR,2973,SOSP,117
CABI,6001,LAMB,82
CABI,6001,RE17,4
CABI,6001,PLAN,281
CABI,6001,WNCH,31
CABI,6001,CAVI,22078
CABI,6001,1500,112
CABI,6001,JAIM,529
CABI,6001,1800,1
CABI,6001,ROBH,5
CABI,6001,HORS,5
CABI,6001,SHW,22
CABI,6001,BIAN,8
CABI,6001,LHAY,6
CABI,6001,MACR,461
CABI,6001,CABI,629
CABI,6001,RE03,1
CABI,6001,SHIL,210
CABI,6001,Y,194
CABI,6001,RE28,310
CABI,6001,CHIM,28
CABI,6001,SHAN,89
CABI,6001,ARFT,378
CABI,6001,UA2,38
CABI,6001,SOSP,94
CABI,6001,BKOK,70
CABI,6001,MLF2,204
CABI,6001,GATR,340
CABI,6001,KOUT,149
CABI,6001,LOLF,1
CABI,6001,RE19,413
CABI,6001,WMRD,1
CABI,6001,DIPS,70
RE03,4968,AARD,72287
RE03,4968,LAMB,107255
RE03,4968,RE17,1707
RE03,4968,FNCH,261
RE03,4968,LA2,39
RE03,4968,AMAD,2658
RE03,4968,JAIM,11901
RE03,4968,ROBH,30226
RE03,4968,SHIL,12109
RE03,4968,CABI,18356
RE03,4968,RE03,513316
RE03,4968,WOLF,1317
RE03,4968,RE28,14051
RE03,4968,BKOK,327662
RE03,4968,SHAN,279632
RE03,4968,BIAN,454
RE03,4968,SOSP,416
RE03,4968,AVEQ,172152
RE03,4968,LOLF,153
RE03,4968,GATR,4173
RE03,4968,WMRD,6029
RE03,4968,KOUT,459444
RE03,4968,PLAN,4658
RE03,4968,WNCH,103321
RE03,4968,SOHA,18315
RE03,4968,CAVI,5396
RE03,4968,1500,2924
RE03,4968,DIPS,34113
RE03,4968,1800,1576
RE03,4968,RE10,38
RE03,4968,HORS,637
RE03,4968,MCFL,187
RE03,4968,LHAY,1085
RE03,4968,MACR,16365
RE03,4968,BINO,47
RE03,4968,Y,2820
RE03,4968,CHIM,6277
RE03,4968,ARFT,4951
RE03,4968,GATE,626
RE03,4968,UA2,29115
RE03,4968,MLF2,1674
RE03,4968,SHW,1405
RE03,4968,PIPE,1889
RE03,4968,RE19,2167
RE03,4968,STRO,1941
RE03,4968,RE33,387681
RE03,5999,AARD,319
RE03,5999,RE03,1
RE03,5999,CAVI,1526
RE03,5804,RE03,160798
RE03,5804,LAMB,44044
RE03,5804,BKOK,122589
RE03,5804,SHAN,8689
RE03,5804,ARFT,608
RE03,5804,CAVI,8654
RE03,5804,RE10,182
RE03,5804,RE33,77
RE03,5804,KOUT,275202
RE03,5804,ROBH,6958
RE03,5804,LOLF,330
RE03,5804,UA2,9461
RE03,5804,LHAY,56
RE03,5804,MACR,18307
RE03,5804,CABI,18469
RE03,5568,RE03,11520
RE03,5568,BKOK,1
RE03,5568,SHAN,5
RE03,5568,ARFT,71
RE03,5568,CAVI,6264
RE03,5568,1500,1
RE03,5568,JAIM,1016
RE03,5568,KOUT,252288
RE03,5568,ROBH,4620
RE03,5568,WMRD,10
RE03,5568,LHAY,5
RE03,5568,MACR,12080
RE03,5568,CABI,12305
RE03,6000,AARD,57619
RE03,6000,LAMB,114417
RE03,6000,RE17,965
RE03,6000,FNCH,569
RE03,6000,LA2,191
RE03,6000,AMAD,3129
RE03,6000,JAIM,15643
RE03,6000,ROBH,21010
RE03,6000,SHIL,16853
RE03,6000,CABI,42239
RE03,6000,RE03,632593
RE03,6000,WOLF,1250
RE03,6000,RE28,8193
RE03,6000,BKOK,345294
RE03,6000,SHAN,297476
RE03,6000,BIAN,1138
RE03,6000,SOSP,351
RE03,6000,AVEQ,135068
RE03,6000,LOLF,85
RE03,6000,GATR,3580
RE03,6000,WMRD,4546
RE03,6000,KOUT,522626
RE03,6000,PLAN,4332
RE03,6000,WNCH,74856
RE03,6000,SOHA,19522
RE03,6000,CAVI,19221
RE03,6000,1500,1041
RE03,6000,DIPS,36296
RE03,6000,1800,1362
RE03,6000,RE10,171
RE03,6000,HORS,420
RE03,6000,MCFL,341
RE03,6000,LHAY,1586
RE03,6000,MACR,43985
RE03,6000,BINO,79
RE03,6000,Y,1284
RE03,6000,CHIM,2969
RE03,6000,ARFT,1885
RE03,6000,GATE,352
RE03,6000,UA2,32443
RE03,6000,MLF2,164
RE03,6000,SHW,739
RE03,6000,PIPE,2415
RE03,6000,RE19,2
RE03,6000,STRO,1003
RE03,6000,RE33,404771
SECA,4549,AARD,13
SECA,4549,LAMB,2
SECA,4549,WMRD,46635
SECA,4549,ROBH,83815
SECA,4549,WNCH,51062
SECA,5738,CAVI,98777
SECA,5738,MACR,73
KNOL,5715,AARD,1692
KNOL,5715,LAMB,191
KNOL,5715,STRO,743
KNOL,5715,WNCH,465
KNOL,5715,SOHA,4444
KNOL,5715,CAVI,15275
KNOL,5715,1500,272
KNOL,5715,AMAD,621
KNOL,5715,JAIM,3
KNOL,5715,1800,5483
KNOL,5715,ROBH,250
KNOL,5715,HORS,271
KNOL,5715,MCFL,1287
KNOL,5715,LHAY,2013
KNOL,5715,MACR,21409
KNOL,5715,CABI,7746
KNOL,5715,RE03,489
KNOL,5715,SHIL,2204
KNOL,5715,WOLF,833
KNOL,5715,BKOK,1
KNOL,5715,ARFT,13615
KNOL,5715,SOSP,595
KNOL,5715,BIAN,18
KNOL,5715,MLF2,23329
KNOL,5715,SHW,2555
KNOL,5715,PIPE,580
KNOL,5715,AVEQ,237
KNOL,5715,LOLF,485
KNOL,5715,WMRD,81
KNOL,5715,DIPS,4
KNOL,5715,RE33,327
KNOL,5715,KOUT,1353
KNOL,5007,AARD,2269
KNOL,5007,LAMB,1156
KNOL,5007,PLAN,1
KNOL,5007,WNCH,2
KNOL,5007,SOHA,144
KNOL,5007,CAVI,42813
KNOL,5007,AMAD,7
KNOL,5007,JAIM,149
KNOL,5007,1800,9419
KNOL,5007,HORS,4
KNOL,5007,SHIL,8459
KNOL,5007,LHAY,1
KNOL,5007,MACR,61225
KNOL,5007,CABI,23321
KNOL,5007,RE03,2
KNOL,5007,SHAN,1
KNOL,5007,ARFT,32912
KNOL,5007,SOSP,667
KNOL,5007,MLF2,68982
KNOL,5007,GATR,2
KNOL,5007,KOUT,1645
KNOL,5007,LOLF,9
KNOL,5007,SHW,3448
KNOL,5007,Y,98
KNOL,5007,DIPS,8
KNOL,4204,CAVI,1
KNOL,5714,Y,12329
KNOL,5714,RE17,112
KNOL,5714,GATR,42317
KNOL,5714,RE19,16392
KNOL,5714,SHIL,80
KNOL,5714,CAVI,569764
KNOL,5714,MACR,33354
KNOL,5714,DIPS,19831
CHIM,6002,ARFT,2
CHIM,6002,JAIM,1
CHIM,6002,CABI,2
CHIM,5955,AARD,3
CHIM,5955,PLAN,5
CHIM,5955,RE28,410
CHIM,5955,CHIM,3359
CHIM,5955,LA2,1
CHIM,5955,ARFT,4481
CHIM,5955,CAVI,1572
CHIM,5955,JAIM,51
CHIM,5955,KOUT,19567
CHIM,5955,ROBH,24
CHIM,5955,LOLF,5
CHIM,5955,MACR,3465
CHIM,5955,CABI,3996
CHIM,5964,AARD,15
CHIM,5964,LAMB,7858
CHIM,5964,RE17,266
CHIM,5964,PLAN,14605
CHIM,5964,WNCH,100
CHIM,5964,SOHA,4
CHIM,5964,LA2,9
CHIM,5964,CAVI,4016
CHIM,5964,1500,1319
CHIM,5964,AMAD,17
CHIM,5964,JAIM,8083
CHIM,5964,1800,99
CHIM,5964,ROBH,17
CHIM,5964,HORS,391
CHIM,5964,SHW,3125
CHIM,5964,BIAN,52
CHIM,5964,LHAY,2
CHIM,5964,MACR,6598
CHIM,5964,CABI,11737
CHIM,5964,RE03,8
CHIM,5964,SHIL,10468
CHIM,5964,RE28,23746
CHIM,5964,CHIM,61263
CHIM,5964,SHAN,10949
CHIM,5964,ARFT,19922
CHIM,5964,UA2,81
CHIM,5964,SOSP,471
CHIM,5964,BKOK,16600
CHIM,5964,MLF2,2812
CHIM,5964,GATR,1741
CHIM,5964,KOUT,50473
CHIM,5964,LOLF,69
CHIM,5964,RE19,11283
CHIM,5964,Y,1372
CHIM,5964,DIPS,4923
A1,5993,AARD,16177
A1,5993,LAMB,5
A1,5993,PLAN,1
A1,5993,WNCH,9238
A1,5993,SOHA,18778
A1,5993,LA2,51032
A1,5993,CAVI,15
A1,5993,1500,17
A1,5993,AMAD,3405
A1,5993,JAIM,6
A1,5993,1800,187
A1,5993,MLF2,77
A1,5993,ROBH,7875
A1,5993,HORS,717
A1,5993,SHIL,7
A1,5993,SHW,602
A1,5993,MCFL,1108
A1,5993,LHAY,8384
A1,5993,MACR,3786
A1,5993,CABI,6
A1,5993,RE03,40192
A1,5993,BINO,49491
A1,5993,PIPE,30
A1,5993,WOLF,1028
A1,5993,BKOK,927
A1,5993,SHAN,10
A1,5993,ARFT,7
A1,5993,UA2,1433
A1,5993,SOSP,17
A1,5993,BIAN,28852
A1,5993,GATR,6
A1,5993,KOUT,21544
A1,5993,LOLF,17
A1,5993,RE19,6
A1,5993,WMRD,634
A1,5993,RE33,7
A1,5993,Y,5
A1,5993,DIPS,19
A1,5991,AARD,1
A1,5991,RE03,2
A1,5991,SHIL,2
A1,5991,PLAN,5
A1,5991,RE28,4
A1,5991,SHAN,4
A1,5991,ARFT,3
A1,5991,WNCH,1
A1,5991,CAVI,1
A1,5991,1500,4
A1,5991,AMAD,1
A1,5991,JAIM,1
A1,5991,Y,7
A1,5991,MLF2,2
A1,5991,GATR,1
A1,5991,KOUT,2
A1,5991,CABI,1
A1,5991,LHAY,1
A1,5991,MACR,6
A1,5991,DIPS,4
A1,4560,AARD,1
A1,4560,BIAN,24
A1,4560,RE17,1
A1,4560,PLAN,1
A1,4560,WNCH,1
A1,4560,LA2,98
A1,4560,CAVI,3
A1,4560,AMAD,7
A1,4560,JAIM,3
A1,4560,SHW,3
A1,4560,SHIL,9
A1,4560,MACR,16
A1,4560,CABI,4
A1,4560,RE03,2
A1,4560,BINO,116
A1,4560,Y,3
A1,4560,RE28,2
A1,4560,SHAN,14
A1,4560,ARFT,1
A1,4560,UA2,54
A1,4560,SOSP,6
A1,4560,MLF2,4
A1,4560,GATR,1
A1,4560,PIPE,1
A1,4560,RE19,2
A1,4560,DIPS,18
A1,4560,KOUT,1961
A1,5992,AARD,6779
A1,5992,BIAN,12375
A1,5992,PLAN,1
A1,5992,WNCH,4248
A1,5992,SOHA,6241
A1,5992,LA2,21433
A1,5992,CAVI,149
A1,5992,1500,11
A1,5992,AMAD,2498
A1,5992,JAIM,143
A1,5992,1800,153
A1,5992,ROBH,5835
A1,5992,HORS,557
A1,5992,WOLF,171
A1,5992,MCFL,325
A1,5992,LHAY,3392
A1,5992,MACR,2905
A1,5992,CABI,28
A1,5992,RE03,17659
A1,5992,BINO,21422
A1,5992,SHIL,1
A1,5992,WMRD,88
A1,5992,BKOK,499
A1,5992,ARFT,85
A1,5992,UA2,925
A1,5992,SOSP,16
A1,5992,MLF2,126
A1,5992,GATR,3
A1,5992,PIPE,113
A1,5992,LOLF,13
A1,5992,SHW,491
A1,5992,STRO,28
A1,5992,RE33,45
A1,5992,Y,95
A1,5992,KOUT,11230
A1,5035,AARD,17198
A1,5035,BIAN,71003
A1,5035,WNCH,5306
A1,5035,SOHA,15187
A1,5035,LA2,110380
A1,5035,1500,1
A1,5035,AMAD,2943
A1,5035,WOLF,7
A1,5035,1800,89
A1,5035,ROBH,4795
A1,5035,HORS,844
A1,5035,LHAY,2206
A1,5035,MACR,5207
A1,5035,RE03,52181
A1,5035,BINO,109415
A1,5035,BKOK,1170
A1,5035,SHAN,1
A1,5035,UA2,3429
A1,5035,MLF2,2
A1,5035,SHW,83
A1,5035,KOUT,37307
A1,5035,LOLF,4
A1,5035,WMRD,204
A1,5035,PIPE,3
A1,Field Tag,AARD,3603
A1,Field Tag,RE03,9
A1,Field Tag,BINO,3
A1,Field Tag,UA2,69214
A1,Field Tag,KOUT,77833
A1,Field Tag,BKOK,3
A1,Field Tag,LA2,26971
A1,Field Tag,CAVI,1
A1,Field Tag,RE10,734
1600,4684,CAVI,3
1600,5481,CAVI,52298
GATE,5174,AARD,3
GATE,5174,RE03,6
GATE,5174,BINO,1
GATE,5174,WMRD,1
GATE,5174,Y,1
GATE,5174,WNCH,1
GATE,5174,LA2,3
GATE,5174,SOSP,23
GATE,5174,AMAD,2
GATE,5174,KOUT,1
GATE,5174,ROBH,2
GATE,5174,SHIL,1
GATE,5174,LHAY,3
GATE,5174,MACR,3
GATE,5174,DIPS,1
SOSP,5867,AARD,62767
SOSP,5867,LAMB,29
SOSP,5867,RE17,4041
SOSP,5867,FNCH,1918
SOSP,5867,WNCH,17617
SOSP,5867,SOHA,13343
SOSP,5867,CAVI,10986
SOSP,5867,1500,8463
SOSP,5867,AMAD,236639
SOSP,5867,JAIM,7694
SOSP,5867,1800,238
SOSP,5867,SHW,12816
SOSP,5867,WMRD,56
SOSP,5867,HORS,5553
SOSP,5867,SHIL,14477
SOSP,5867,PLAN,7936
SOSP,5867,MCFL,1921
SOSP,5867,LHAY,114809
SOSP,5867,MACR,58441
SOSP,5867,CABI,66544
SOSP,5867,RE03,11
SOSP,5867,PIPE,8980
SOSP,5867,WOLF,7772
SOSP,5867,RE28,3857
SOSP,5867,BKOK,2924
SOSP,5867,SHAN,20823
SOSP,5867,ARFT,7045
SOSP,5867,GATE,68
SOSP,5867,UA2,37
SOSP,5867,SOSP,257502
SOSP,5867,MLF2,8448
SOSP,5867,GATR,10874
SOSP,5867,KOUT,4914
SOSP,5867,LOLF,4544
SOSP,5867,RE19,650
SOSP,5867,STRO,1094
SOSP,5867,RE33,28
SOSP,5867,Y,14391
SOSP,5867,DIPS,141162
SOSP,6004,AARD,14984
SOSP,6004,RE17,80
SOSP,6004,FNCH,133
SOSP,6004,LA2,295
SOSP,6004,AMAD,26408
SOSP,6004,JAIM,1215
SOSP,6004,ROBH,329
SOSP,6004,SHIL,658
SOSP,6004,CABI,10959
SOSP,6004,RE03,1095
SOSP,6004,MCFL,119
SOSP,6004,RE28,1570
SOSP,6004,BKOK,477
SOSP,6004,SHAN,2112
SOSP,6004,BIAN,196
SOSP,6004,SOSP,5017
SOSP,6004,AVEQ,336
SOSP,6004,LOLF,494
SOSP,6004,GATR,1137
SOSP,6004,WMRD,97
SOSP,6004,KOUT,294
SOSP,6004,PLAN,991
SOSP,6004,WNCH,336
SOSP,6004,SOHA,2389
SOSP,6004,CAVI,719
SOSP,6004,1500,945
SOSP,6004,DIPS,6043
SOSP,6004,1800,3
SOSP,6004,HORS,916
SOSP,6004,WOLF,217
SOSP,6004,LHAY,14996
SOSP,6004,MACR,5596
SOSP,6004,BINO,303
SOSP,6004,Y,462
SOSP,6004,CHIM,358
SOSP,6004,ARFT,1302
SOSP,6004,GATE,116
SOSP,6004,UA2,260
SOSP,6004,MLF2,643
SOSP,6004,SHW,508
SOSP,6004,PIPE,169
SOSP,6004,RE19,138
SOSP,6004,STRO,534
SOSP,6004,RE33,233
SOSP,6003,AARD,59852
SOSP,6003,RE17,2404
SOSP,6003,FNCH,885
SOSP,6003,WNCH,10968
SOSP,6003,SOHA,19975
SOSP,6003,LA2,6
SOSP,6003,CAVI,9711
SOSP,6003,1500,3145
SOSP,6003,AMAD,303537
SOSP,6003,JAIM,5726
SOSP,6003,1800,505
SOSP,6003,SHW,15107
SOSP,6003,ROBH,208
SOSP,6003,HORS,3106
SOSP,6003,SHIL,10599
SOSP,6003,PLAN,5311
SOSP,6003,MCFL,1624
SOSP,6003,LHAY,147762
SOSP,6003,MACR,44587
SOSP,6003,CABI,57604
SOSP,6003,RE03,640
SOSP,6003,BINO,60
SOSP,6003,PIPE,4676
SOSP,6003,WOLF,4127
SOSP,6003,RE28,1911
SOSP,6003,CHIM,247
SOSP,6003,SHAN,12196
SOSP,6003,ARFT,6517
SOSP,6003,GATE,300
SOSP,6003,UA2,323
SOSP,6003,SOSP,378130
SOSP,6003,BKOK,3575
SOSP,6003,MLF2,4892
SOSP,6003,GATR,4156
SOSP,6003,KOUT,4382
SOSP,6003,LOLF,2190
SOSP,6003,RE19,889
SOSP,6003,STRO,1597
SOSP,6003,RE33,35
SOSP,6003,Y,8093
SOSP,6003,DIPS,101286
PLQE,5945,PLAN,430
PLQE,5945,WNCH,667
PLQE,5945,SOHA,1
PLQE,5945,CAVI,640
PLQE,5945,1500,1
PLQE,5945,JAIM,59128
PLQE,5945,HORS,7
PLQE,5945,SHIL,5
PLQE,5945,SOSP,3
PLQE,5945,CABI,1142
PLQE,5945,RE19,2
PLQE,5945,MACR,906
PLQE,5945,RE28,23
PLQE,5945,CHIM,1
PLQE,5945,SHAN,9
PLQE,5945,ARFT,2
PLQE,5945,UA2,3
PLQE,5945,BKOK,4
PLQE,5945,MLF2,1
PLQE,5945,SHW,5
PLQE,5945,KOUT,2
PLQE,5945,GATR,57
PLQE,5945,Y,61
PLQE,5945,DIPS,1
PLQE,5944,AARD,427
PLQE,5944,LAMB,6549
PLQE,5944,RE17,32239
PLQE,5944,PLAN,69899
PLQE,5944,WNCH,16632
PLQE,5944,SOHA,171
PLQE,5944,LA2,1
PLQE,5944,CAVI,149300
PLQE,5944,1500,43491
PLQE,5944,AMAD,377
PLQE,5944,JAIM,142930
PLQE,5944,1800,1033
PLQE,5944,RE10,13
PLQE,5944,HORS,35
PLQE,5944,SHW,4713
PLQE,5944,BIAN,1
PLQE,5944,MACR,105952
PLQE,5944,CABI,132156
PLQE,5944,SHIL,104552
PLQE,5944,RE28,75459
PLQE,5944,CHIM,244
PLQE,5944,SHAN,48622
PLQE,5944,ARFT,105968
PLQE,5944,UA2,2030
PLQE,5944,SOSP,9084
PLQE,5944,BKOK,429
PLQE,5944,MLF2,85223
PLQE,5944,GATR,73755
PLQE,5944,KOUT,59145
PLQE,5944,LOLF,189
PLQE,5944,RE19,58634
PLQE,5944,Y,106577
PLQE,5944,DIPS,102022
PLQE,5806,CAVI,25639
PLQE,5876,AARD,307
PLQE,5876,LAMB,27151
PLQE,5876,RE17,12130
PLQE,5876,PLAN,187906
PLQE,5876,WNCH,67553
PLQE,5876,SOHA,588
PLQE,5876,CAVI,442804
PLQE,5876,1500,211122
PLQE,5876,AMAD,2142
PLQE,5876,JAIM,362303
PLQE,5876,1800,23823
PLQE,5876,RE10,3
PLQE,5876,HORS,267
PLQE,5876,SHW,2510
PLQE,5876,SHIL,168794
PLQE,5876,LHAY,253
PLQE,5876,MACR,332679
PLQE,5876,CABI,346144
PLQE,5876,RE03,315
PLQE,5876,WOLF,11
PLQE,5876,RE28,185218
PLQE,5876,CHIM,1413
PLQE,5876,SHAN,55675
PLQE,5876,ARFT,240078
PLQE,5876,UA2,424
PLQE,5876,SOSP,9678
PLQE,5876,BKOK,1734
PLQE,5876,MLF2,149261
PLQE,5876,GATR,237647
PLQE,5876,KOUT,27149
PLQE,5876,AVEQ,79
PLQE,5876,LOLF,353
PLQE,5876,RE19,84503
PLQE,5876,WMRD,4
PLQE,5876,RE33,119
PLQE,5876,Y,299632
PLQE,5876,DIPS,299000
PLQE,5153,AARD,69
PLQE,5153,LAMB,20464
PLQE,5153,RE17,8239
PLQE,5153,PLAN,197250
PLQE,5153,WNCH,79993
PLQE,5153,SOHA,85
PLQE,5153,CAVI,459204
PLQE,5153,1500,166609
PLQE,5153,AMAD,78
PLQE,5153,JAIM,387201
PLQE,5153,1800,14180
PLQE,5153,RE10,1
PLQE,5153,HORS,80
PLQE,5153,SHW,300
PLQE,5153,SHIL,144573
PLQE,5153,MACR,337067
PLQE,5153,CABI,360912
PLQE,5153,RE28,191964
PLQE,5153,CHIM,312
PLQE,5153,SHAN,88621
PLQE,5153,ARFT,326935
PLQE,5153,UA2,78
PLQE,5153,SOSP,2979
PLQE,5153,BKOK,41
PLQE,5153,MLF2,269260
PLQE,5153,GATR,249656
PLQE,5153,KOUT,40428
PLQE,5153,LOLF,4
PLQE,5153,RE19,93388
PLQE,5153,Y,266956
PLQE,5153,DIPS,304060
PLQE,5701,ARFT,1
PLQE,5701,CAVI,932967
PLQE,5878,AARD,596
PLQE,5878,LAMB,3692
PLQE,5878,RE17,8346
PLQE,5878,PLAN,115942
PLQE,5878,WNCH,47
PLQE,5878,SOHA,218
PLQE,5878,LA2,4
PLQE,5878,CAVI,182160
PLQE,5878,1500,74759
PLQE,5878,AMAD,256
PLQE,5878,JAIM,184954
PLQE,5878,1800,1
PLQE,5878,MLF2,101283
PLQE,5878,ROBH,2
PLQE,5878,HORS,207
PLQE,5878,SHW,933
PLQE,5878,SHIL,68755
PLQE,5878,MACR,133202
PLQE,5878,CABI,179764
PLQE,5878,RE03,271
PLQE,5878,BINO,3
PLQE,5878,WOLF,1
PLQE,5878,RE28,136454
PLQE,5878,BKOK,332
PLQE,5878,SHAN,52960
PLQE,5878,ARFT,120929
PLQE,5878,UA2,2
PLQE,5878,SOSP,1158
PLQE,5878,CHIM,807
PLQE,5878,BIAN,1
PLQE,5878,GATR,151251
PLQE,5878,KOUT,10897
PLQE,5878,AVEQ,134
PLQE,5878,LOLF,40
PLQE,5878,RE19,104825
PLQE,5878,WMRD,1
PLQE,5878,RE33,101
PLQE,5878,Y,116958
PLQE,5878,DIPS,129317
PLQE,5562,LAMB,2
PLQE,5562,SOSP,1
PLQE,5562,RE17,1
PLQE,5562,PLAN,2
PLQE,5562,RE28,3
PLQE,5562,SHAN,9
PLQE,5562,ARFT,6
PLQE,5562,CAVI,11804
PLQE,5562,1500,9
PLQE,5562,JAIM,2
PLQE,5562,Y,4
PLQE,5562,1800,1
PLQE,5562,MLF2,7
PLQE,5562,GATR,3
PLQE,5562,KOUT,4
PLQE,5562,SHIL,7
PLQE,5562,RE19,1
PLQE,5562,CABI,79
PLQE,5562,MACR,7
PLQE,5562,DIPS,4
PLQE,5103,AARD,212
PLQE,5103,LAMB,17914
PLQE,5103,RE17,10699
PLQE,5103,PLAN,245394
PLQE,5103,WNCH,89172
PLQE,5103,SOHA,24
PLQE,5103,CAVI,510609
PLQE,5103,1500,149132
PLQE,5103,AMAD,10
PLQE,5103,JAIM,445913
PLQE,5103,1800,8671
PLQE,5103,ROBH,2
PLQE,5103,HORS,43
PLQE,5103,SHW,437
PLQE,5103,SHIL,173575
PLQE,5103,MACR,356198
PLQE,5103,CABI,402050
PLQE,5103,RE03,1
PLQE,5103,RE28,211677
PLQE,5103,CHIM,14
PLQE,5103,SHAN,129075
PLQE,5103,ARFT,332157
PLQE,5103,UA2,137
PLQE,5103,SOSP,2006
PLQE,5103,BKOK,41
PLQE,5103,MLF2,303183
PLQE,5103,GATR,252907
PLQE,5103,KOUT,35209
PLQE,5103,LOLF,20
PLQE,5103,RE19,121784
PLQE,5103,Y,232010
PLQE,5103,DIPS,321936
PLQE,5946,AARD,9
PLQE,5946,LAMB,100
PLQE,5946,RE17,128
PLQE,5946,PLAN,693
PLQE,5946,WNCH,23
PLQE,5946,SOHA,9
PLQE,5946,CAVI,75
PLQE,5946,1500,831
PLQE,5946,AMAD,7
PLQE,5946,JAIM,30
PLQE,5946,1800,43
PLQE,5946,SHW,22
PLQE,5946,SHIL,828
PLQE,5946,MACR,492
PLQE,5946,CABI,121
PLQE,5946,RE28,485
PLQE,5946,CHIM,2
PLQE,5946,SHAN,931
PLQE,5946,ARFT,878
PLQE,5946,UA2,12
PLQE,5946,SOSP,42
PLQE,5946,BKOK,3
PLQE,5946,MLF2,1053
PLQE,5946,GATR,474
PLQE,5946,KOUT,406
PLQE,5946,LOLF,1
PLQE,5946,RE19,83
PLQE,5946,Y,924
PLQE,5946,DIPS,531
PLQE,5006,GATR,98
PLQE,5006,DIPS,82
PLQE,5006,CAVI,632
PLQE,5006,JAIM,657
PLQE,5006,CABI,33
MLF2,5791,MLF2,2
MLF2,4754,AARD,7
MLF2,4754,LAMB,2
MLF2,4754,RE17,4
MLF2,4754,WNCH,13
MLF2,4754,SOHA,56
MLF2,4754,CAVI,102
MLF2,4754,1500,4
MLF2,4754,AMAD,308
MLF2,4754,JAIM,15
MLF2,4754,1800,2
MLF2,4754,WMRD,1
MLF2,4754,HORS,227
MLF2,4754,SHIL,122
MLF2,4754,LHAY,7
MLF2,4754,MACR,82
MLF2,4754,CABI,93
MLF2,4754,RE03,2
MLF2,4754,STRO,1
MLF2,4754,WOLF,1
MLF2,4754,RE28,1
MLF2,4754,BKOK,12
MLF2,4754,SHAN,43
MLF2,4754,ARFT,102
MLF2,4754,UA2,10
MLF2,4754,SOSP,8
MLF2,4754,MLF2,5
MLF2,4754,GATR,13
MLF2,4754,PIPE,4
MLF2,4754,LOLF,160
MLF2,4754,SHW,287
MLF2,4754,DIPS,24
MLF2,4754,Y,29
MLF2,4754,KOUT,32
MLF2,5836,CAVI,1
MLF2,4751,RE03,2
MLF2,4751,KOUT,7
MLF2,4751,BKOK,3
MLF2,4751,CAVI,5
MLF2,4751,MACR,5
MLF2,4751,CABI,3
GATR,4937,GATR,42
GATR,4937,RE19,6
GATR,4937,CAVI,4
GATR,4937,Y,4
GATR,4937,LA2,1
GATR,5736,LAMB,1
GATR,5736,RE17,2
GATR,5736,SHW,4
GATR,5736,RE28,1
GATR,5736,BKOK,1
GATR,5736,ARFT,5
GATR,5736,WNCH,1
GATR,5736,CAVI,1
GATR,5736,1500,2
GATR,5736,SHIL,6
GATR,5736,SOSP,3
GATR,5736,Y,1
GATR,5736,1800,1
GATR,5736,MLF2,2
GATR,5736,GATR,1
GATR,5736,KOUT,4
GATR,5736,LOLF,3
GATR,5736,RE19,1
GATR,5736,CABI,2
GATR,5736,MACR,1
GATR,5736,DIPS,1
GATR,5838,AARD,2
GATR,5838,SHIL,1
GATR,5838,RE28,1
GATR,5838,BKOK,7
GATR,5838,SHAN,6
GATR,5838,RE33,10
GATR,5838,WNCH,6
GATR,5838,CAVI,2670
GATR,5838,JAIM,1
GATR,5838,SOHA,5
GATR,5838,GATR,240
GATR,5838,KOUT,8
GATR,5838,AVEQ,6
GATR,5838,CABI,1
GATR,5838,MACR,2
GATR,5838,DIPS,5
GATR,5840,GATR,11
PIPE,5462,LAMB,2
PIPE,5462,FNCH,6790
PIPE,5462,WNCH,1585
PIPE,5462,SOHA,61559
PIPE,5462,CAVI,263
PIPE,5462,1500,33398
PIPE,5462,AMAD,12284
PIPE,5462,JAIM,1672
PIPE,5462,1800,1697
PIPE,5462,WMRD,2993
PIPE,5462,HORS,130781
PIPE,5462,PLAN,878
PIPE,5462,MCFL,2083
PIPE,5462,LHAY,1796
PIPE,5462,MACR,135911
PIPE,5462,CABI,19057
PIPE,5462,RE03,173
PIPE,5462,STRO,338276
PIPE,5462,WOLF,189588
PIPE,5462,RE28,2214
PIPE,5462,BKOK,1322
PIPE,5462,SHAN,40
PIPE,5462,ARFT,207116
PIPE,5462,GATE,48777
PIPE,5462,UA2,11
PIPE,5462,MLF2,1595
PIPE,5462,GATR,4952
PIPE,5462,PIPE,138053
PIPE,5462,LOLF,17970
PIPE,5462,SHW,652
PIPE,5462,DIPS,815
PIPE,5462,RE33,10
PIPE,5462,KOUT,1582
NA,Walk Tag,AARD,833
NA,Walk Tag,LAMB,1903
NA,Walk Tag,RE17,512
NA,Walk Tag,FNCH,554
NA,Walk Tag,LA2,4403
NA,Walk Tag,AMAD,716
NA,Walk Tag,JAIM,3556
NA,Walk Tag,ROBH,552
NA,Walk Tag,SHIL,891
NA,Walk Tag,CABI,6425
NA,Walk Tag,RE03,877
NA,Walk Tag,WOLF,2693
NA,Walk Tag,RE28,747
NA,Walk Tag,BKOK,363
NA,Walk Tag,SHAN,1299
NA,Walk Tag,BIAN,1160
NA,Walk Tag,SOSP,1636
NA,Walk Tag,AVEQ,372
NA,Walk Tag,LOLF,5729
NA,Walk Tag,GATR,2221
NA,Walk Tag,WMRD,179
NA,Walk Tag,KOUT,1153
NA,Walk Tag,PLAN,898
NA,Walk Tag,WNCH,887
NA,Walk Tag,SOHA,2447
NA,Walk Tag,CAVI,5667
NA,Walk Tag,1500,1898
NA,Walk Tag,DIPS,1338
NA,Walk Tag,1800,588
NA,Walk Tag,HORS,893
NA,Walk Tag,MCFL,913
NA,Walk Tag,LHAY,2474
NA,Walk Tag,MACR,8362
NA,Walk Tag,BINO,3557
NA,Walk Tag,Y,1568
NA,Walk Tag,CHIM,80
NA,Walk Tag,ARFT,4239
NA,Walk Tag,GATE,709
NA,Walk Tag,UA2,791
NA,Walk Tag,MLF2,1749
NA,Walk Tag,SHW,1427
NA,Walk Tag,PIPE,805
NA,Walk Tag,RE19,879
NA,Walk Tag,STRO,1062
NA,Walk Tag,RE33,224
LOLF,5680,CAVI,1
LOLF,5680,MACR,1
LOLF,5680,Y,1
LOLF,4889,AARD,3
LOLF,4889,SOHA,4
LOLF,4889,SHAN,19986
LOLF,4889,ARFT,24
LOLF,4889,CAVI,28
LOLF,4889,1500,42107
LOLF,4889,SOSP,24
LOLF,4889,1800,35018
LOLF,4889,MLF2,24977
LOLF,4889,GATR,2402
LOLF,4889,PIPE,24
LOLF,4889,HORS,8584
LOLF,4889,LOLF,96410
LOLF,4889,SHW,5177
LOLF,4889,WOLF,3
LOLF,4889,LHAY,38
LOLF,4889,MACR,29
LOLF,4889,Y,31
LOLF,5679,AARD,5978
LOLF,5679,LAMB,71
LOLF,5679,RE17,1038
LOLF,5679,PLAN,62684
LOLF,5679,WNCH,25533
LOLF,5679,SOHA,30650
LOLF,5679,CAVI,76812
LOLF,5679,1500,167116
LOLF,5679,AMAD,111592
LOLF,5679,JAIM,31578
LOLF,5679,1800,52752
LOLF,5679,WMRD,1
LOLF,5679,HORS,134586
LOLF,5679,SHIL,58634
LOLF,5679,MCFL,1735
LOLF,5679,LHAY,7470
LOLF,5679,MACR,122838
LOLF,5679,CABI,49781
LOLF,5679,RE03,22
LOLF,5679,PIPE,13024
LOLF,5679,WOLF,9103
LOLF,5679,RE28,23443
LOLF,5679,CHIM,455
LOLF,5679,SHAN,115423
LOLF,5679,ARFT,104553
LOLF,5679,GATE,1372
LOLF,5679,UA2,165
LOLF,5679,SOSP,2665
LOLF,5679,BKOK,241
LOLF,5679,MLF2,185023
LOLF,5679,GATR,69561
LOLF,5679,KOUT,23026
LOLF,5679,LOLF,201866
LOLF,5679,SHW,177016
LOLF,5679,STRO,4418
LOLF,5679,Y,74176
LOLF,5679,DIPS,64448
Y,5904,CAVI,7
Y,5904,MACR,5
Y,5907,AARD,8
Y,5907,BIAN,1
Y,5907,RE17,1
Y,5907,PLAN,3
Y,5907,WNCH,1
Y,5907,LA2,2
Y,5907,CAVI,218682
Y,5907,1500,3
Y,5907,AMAD,7
Y,5907,JAIM,10
Y,5907,1800,1
Y,5907,SHIL,3
Y,5907,MACR,23
Y,5907,CABI,19
Y,5907,RE03,9
Y,5907,BINO,2
Y,5907,Y,8
Y,5907,RE28,2
Y,5907,BKOK,4
Y,5907,SHAN,2
Y,5907,ARFT,2
Y,5907,UA2,1
Y,5907,SOSP,1
Y,5907,MLF2,5
Y,5907,GATR,1
Y,5907,KOUT,8
Y,5907,SHW,7
Y,5907,WMRD,2
Y,5907,RE33,1
Y,5907,DIPS,6
